{
  "llm_judge": {
    "success_rate": 0.4636935391652373,
    "pass_at_1": 0.0984753192300362,
    "pass_at_20": 0.3256464011180992,
    "ndcg_at_10": 0.10167694784969024,
    "ndcg_at_20": 0.11125943925570349,
    "mrr": 0.1539616675008517,
    "pass_at_10": 0.26973508671621876,
    "median_first_correct_position": 85.0,
    "pass_at_2": 0.13953370179785274,
    "pass_at_5": 0.20966901721618703,
    "pass_at_50": 0.40947207928340007,
    "ndcg_at_5": 0.09756714425317366,
    "avg_first_correct_position": 62.6632742519535,
    "pass_at_100": 0.4636935391652373
  },
  "acecoder_rm": {
    "success_rate": 0.4636935391652373,
    "pass_at_1": 0.0866781017724414,
    "pass_at_20": 0.3204434279905978,
    "ndcg_at_10": 0.10373331867244523,
    "ndcg_at_20": 0.1154546292260503,
    "mrr": 0.14368729087510468,
    "pass_at_10": 0.258725620989772,
    "median_first_correct_position": 85.66666666666667,
    "pass_at_2": 0.12870846833110983,
    "pass_at_5": 0.20034305317324183,
    "pass_at_50": 0.4107489994282447,
    "ndcg_at_5": 0.09800779415285653,
    "avg_first_correct_position": 62.758617622768575,
    "pass_at_100": 0.4636935391652373
  }
}